time,open,high,low,close,adj_close,volume,ma15,ma50,ma200,macd1,macd1_avg,macd1_dif,macd2
2019-12-02,66.81749725341797,67.0625,65.86250305175781,66.04000091552734,65.47456359863281,94487200,66.12183430989583,61.23135025024414,52.27608757019043,4.8904840596516905,5.253604036966959,-1.8155998865763445,1.791052536010743
2019-12-03,64.57749938964844,64.88249969482422,64.07250213623047,64.86250305175781,64.30715179443361,114430400,66.0760009765625,61.435000305175784,52.38673759460449,4.641000671386713,5.196844065348307,-2.779216969807967,1.8096525421142589
2019-12-04,65.26750183105469,65.82749938964844,65.16999816894531,65.43499755859375,64.87474060058594,67181600,66.07233428955078,61.65530029296875,52.49887508392334,4.417033996582035,5.104149073282877,-3.4355753835042124,1.8312850418090818
2019-12-05,65.94750213623047,66.47250366210939,65.68250274658203,66.39499664306639,65.82652282714844,74424400,66.09083404541016,61.87805023193359,52.61702507019043,4.21278381347657,4.977612386067709,-3.8241428629556973,1.8522050323486328
2019-12-06,66.87000274658203,67.75,66.82499694824219,67.67749786376953,67.09803009033203,106075600,66.22533365885417,62.132150192260745,52.739200057983396,4.093183466593423,4.836492312113444,-3.716544227600105,1.8785900268554698
2019-12-09,67.5,67.69999694824219,66.22750091552734,66.73000335693361,66.15865325927734,128042400,66.24466705322266,62.37265022277832,52.855062580108644,3.8720168304443376,4.684837254842122,-4.064102121988924,1.903517528533935
2019-12-10,67.15000152587889,67.51750183105469,66.46499633789061,67.12000274658203,66.54531860351561,90420400,66.26766713460286,62.595200271606444,52.97275009155273,3.6724668629964157,4.521678876241047,-4.2460600662231585,1.9244900360107424
2019-12-11,67.20249938964844,67.77500152587889,67.125,67.69249725341797,67.1129150390625,78756800,66.3423334757487,62.826100234985354,53.09262508392334,3.5162332407633485,4.352758801778157,-4.182627805074044,1.9466950302124033
2019-12-12,66.94499969482422,68.13999938964844,66.83000183105469,67.86499786376953,67.28392791748047,137310400,66.48016662597657,63.088600158691406,53.21551258087158,3.391566467285159,4.17624036916097,-3.9233695093790555,1.974617515563965
2019-12-13,67.86499786376953,68.82499694824219,67.73249816894531,68.78749847412111,68.19853973388672,133587600,66.69916636149088,63.360250091552736,53.34073757171631,3.338916269938146,4.004568567911783,-3.3282614898681873,2.0039025039672853
2019-12-16,69.25,70.19750213623047,69.24500274658203,69.96499633789061,69.36595153808594,128186000,67.00049947102865,63.624500045776365,53.47075004577637,3.3759994252522816,3.8531201044718424,-2.385603396097804,2.030749999999999
2019-12-17,69.89250183105469,70.44249725341797,69.69999694824219,70.10250091552734,69.50227355957031,114158400,67.23449961344402,63.89125007629394,53.601850051879886,3.343249537150072,3.723344991048178,-1.9004772694905303,2.0578800048828114
2019-12-18,69.94999694824219,70.4749984741211,69.77999877929689,69.93499755859375,69.33621215820311,116028400,67.49199930826823,64.1679500579834,53.733375034332276,3.32404925028483,3.6140465164184574,-1.4499863306681382,2.086915004730226
2019-12-19,69.875,70.29499816894531,69.73750305175781,70.00499725341797,69.40560913085939,98369200,67.69499918619792,64.43290000915528,53.86777502059937,3.262099177042643,3.518978052775065,-1.2843943786621104,2.113024997711182
2019-12-20,70.55750274658203,70.6624984741211,69.63999938964844,69.86000061035156,69.26185607910156,275978000,67.89816589355469,64.67965003967285,54.00093751907349,3.21851585388184,3.4315112915039068,-1.0649771881103343,2.1357425041198725
2019-12-23,70.13249969482422,71.0625,70.09249877929689,71.0,70.39208984375,98572000,68.2288324991862,64.91860000610352,54.13231252670288,3.3102324930826796,3.3753328577677406,-0.32550182342530487,2.157257495880127
2019-12-24,71.17250061035156,71.22250366210938,70.7300033569336,71.06749725341797,70.4590072631836,48478800,68.64249877929687,65.16059997558594,54.261512508392336,3.4818988037109335,3.3562760518391928,0.6281137593587038,2.1798174934387204
2019-12-26,71.20500183105469,72.49500274658203,71.17500305175781,72.47750091552734,71.85694122314453,93121200,69.11199900309245,65.43354995727539,54.39676250457764,3.678449045817061,3.372497632344564,1.529757067362485,2.2073574905395503
2019-12-27,72.77999877929688,73.49250030517578,72.02999877929688,72.44999694824219,71.82967376708984,146266000,69.51566569010417,65.71069992065429,54.52934999465943,3.804965769449879,3.413837562561036,1.9556410344442154,2.236269985198973
2019-12-30,72.36499786376953,73.17250061035156,71.30500030517578,72.87999725341797,72.25599670410156,144114400,69.8624989827474,65.99189987182618,54.66109998703003,3.870599110921219,3.467005846659343,2.0179663213093813,2.26615997695923
2019-12-31,72.48249816894531,73.41999816894531,72.37999725341797,73.4124984741211,72.783935546875,100805600,70.30799865722656,66.27809982299804,54.79313747406006,4.0298988342285185,3.532395787556967,2.4875152333577577,2.2969924697875967
2020-01-02,74.05999755859375,75.1500015258789,73.79750061035156,75.0875015258789,74.4446029663086,135480400,70.83916524251302,66.57729988098144,54.93541248321533,4.2618653615315765,3.6242573699951173,3.188039957682296,2.3283774795532226
2020-01-03,74.2874984741211,75.1449966430664,74.125,74.35749816894531,73.72084045410156,146322800,71.2834986368815,66.86464981079102,55.07199996948242,4.418848826090482,3.7337373275756827,3.425557492573996,2.3585299682617205
2020-01-06,73.44750213623047,74.98999786376953,73.1875,74.94999694824219,74.30826568603516,118387200,71.75583190917969,67.14774978637695,55.20288745880127,4.608082122802742,3.8683356221516925,3.6987325032552465,2.3889724655151356
2020-01-07,74.95999908447266,75.2249984741211,74.37000274658203,74.59750366210938,73.95879364013672,108872000,72.1431655883789,67.42179985046387,55.33706247329712,4.721365737915036,4.018620610555012,3.51372563680012,2.416947475433351
2020-01-08,74.29000091552734,76.11000061035156,74.29000091552734,75.79750061035156,75.14852142333984,132079200,72.53199920654296,67.70484985351563,55.480124969482425,4.8271493530273375,4.170312296549477,3.2841852823893003,2.4449449768066405
2020-01-09,76.80999755859375,77.60749816894531,76.55000305175781,77.40750122070312,76.7447280883789,170108400,73.01899922688803,68.00774986267089,55.633674983978274,5.011249364217136,4.323247352600098,3.44001005808519,2.4748149757385236
2020-01-10,77.6500015258789,78.1675033569336,77.0625,77.5824966430664,76.91822052001953,140644800,73.5288324991862,68.34294982910156,55.78599996566773,5.185882670084638,4.473990715026856,3.559459775288909,2.511389972686766
2020-01-13,77.91000366210938,79.26750183105469,77.7874984741211,79.23999786376953,78.56153106689453,121532000,74.14449920654297,68.71144981384278,55.946299953460695,5.433049392700198,4.6367990773518875,3.9812515767415535,2.5530299720764162
2020-01-14,79.17500305175781,79.39250183105469,78.0425033569336,78.16999816894531,77.50070190429688,161954400,74.69849904378255,69.0310498046875,56.099712448120115,5.667449239095049,4.81648409016927,4.254825744628894,2.5862674713134766
2020-01-15,77.9625015258789,78.875,77.38749694824219,77.83499908447266,77.16856384277344,121923600,75.15416564941407,69.30864974975586,56.249837436676025,5.84551589965821,4.99804579671224,4.237350514729852,2.611762462615967
2020-01-16,78.39749908447266,78.92500305175781,78.02249908447266,78.80999755859375,78.13522338867188,108829200,75.67033233642579,69.59734970092774,56.40136241912842,6.07298263549805,5.179157524108887,4.469125556945817,2.639197456359864
2020-01-17,79.06749725341797,79.68499755859375,78.75,79.68250274658203,79.000244140625,137816400,76.15066579182943,69.90534973144531,56.555587425231934,6.245316060384113,5.361804247538251,4.4175590642293106,2.669952461242676
2020-01-21,79.29750061035156,79.75499725341797,79.0,79.14250183105469,78.46488189697266,110843200,76.59683278401693,70.20199981689453,56.706687431335446,6.394832967122397,5.540479331970216,4.271768175760906,2.6990624771118163
2020-01-22,79.6449966430664,79.99749755859375,79.32749938964844,79.42500305175781,78.74495697021484,101832400,77.03316650390624,70.49334991455078,56.85756244659424,6.539816589355468,5.722324417114259,4.087460861206043,2.7271574935913083
2020-01-23,79.4800033569336,79.88999938964844,78.9124984741211,79.80750274658203,79.12418365478516,104472000,77.45950012207031,70.78879989624023,57.00647495269775,6.670700225830075,5.906679504394533,3.8201036071777095,2.756464988708497
2020-01-24,80.0625,80.8324966430664,79.37999725341797,79.57749938964844,78.89614868164062,146537600,77.75883331298829,71.06934982299805,57.15498744964599,6.689483489990238,6.074502916971842,3.0749028650919774,2.782872474670411
2020-01-27,77.51499938964844,77.94249725341797,76.22000122070312,77.23750305175781,76.57618713378906,161940000,77.95083363850911,71.3042999267578,57.2903999710083,6.646533711751303,6.220568021138509,2.129828453063971,2.802779991149902
2020-01-28,78.1500015258789,79.5999984741211,78.04750061035156,79.42250061035156,78.74247741699219,162234000,78.2490005493164,71.57039993286133,57.43882497787476,6.678600616455071,6.345123143513996,1.667387364705375,2.8263149909973153
2020-01-29,81.11250305175781,81.9625015258789,80.34500122070312,81.08499908447266,80.3907470703125,216229200,78.68150024414062,71.8788998413086,57.59566247940064,6.802600402832027,6.458638259887694,1.7198107147216657,2.856647472381592
2020-01-30,80.13500213623047,81.02249908447266,79.6875,80.96749877929688,80.27424621582031,126743200,79.02616678873697,72.1694497680664,57.7514624786377,6.8567170206705725,6.55975837198893,1.4847932434082134,2.8835974578857404
2020-01-31,80.23249816894531,80.66999816894531,77.07250213623047,77.37750244140625,76.7149887084961,199588400,79.02416687011718,72.38149978637695,57.88928749084473,6.6426670837402355,6.616726816813149,0.12970133463543476,2.898442459106444
2020-02-03,76.07499694824219,78.37249755859375,75.55500030517578,77.16500091552734,76.50431060791016,173985600,78.99633382161458,72.59334976196288,58.021199989318845,6.4029840596517005,6.632493616739907,-1.1475477854410343,2.914429954528808
2020-02-04,78.82749938964844,79.91000366210938,78.40750122070312,79.7125015258789,79.02999877929688,136616400,79.02783406575521,72.87164978027344,58.1649374961853,6.156184285481771,6.608628748575844,-2.262222315470366,2.9413424568176283
2020-02-05,80.87999725341797,81.19000244140625,79.73750305175781,80.36250305175781,79.6744384765625,118826800,79.1740010579427,73.16884979248047,58.31108751296997,6.005151265462231,6.555162216186521,-2.7500547536214492,2.971552455902101
2020-02-06,80.64250183105469,81.30500030517578,80.06500244140625,81.30249786376953,80.60638427734375,105425600,79.40516764322916,73.48599975585938,58.458250007629395,5.919167887369781,6.480008982340491,-2.8042054748535516,3.0055499496459976
2020-02-07,80.59249877929688,80.8499984741211,79.5,80.00749969482422,79.51072692871094,117684000,79.48500111897786,73.75429977416992,58.59933750152588,5.73070134480794,6.384130767822262,-3.267147115071607,3.0309924545288087
2020-02-10,78.54499816894531,80.38749694824219,78.4625015258789,80.38749694824219,79.88835906982422,109348800,79.53200073242188,74.04059967041016,58.74467498779297,5.491401062011718,6.268617502848303,-3.8860822041829257,3.0591849365234385
2020-02-11,80.9000015258789,80.9749984741211,79.67749786376953,79.90249633789062,79.4063720703125,94323200,79.58266703287761,74.29944961547852,58.888812465667726,5.2832174173990865,6.129079182942705,-4.229308827718095,3.0821274299621595
2020-02-12,80.36750030517578,81.80500030517578,80.36750030517578,81.80000305175781,81.29209899902344,113730400,79.74100036621094,74.59919967651368,59.042049980163576,5.141800689697263,5.962999211629229,-4.10599260965983,3.1114299392700207
2020-02-13,81.04750061035156,81.55500030517578,80.8375015258789,81.21749877929688,80.71321868896484,94747600,79.83500010172526,74.90274963378906,59.19729997634888,4.9322504679362,5.770552556355791,-4.1915104420979565,3.1410899314880356
2020-02-14,81.18499755859375,81.49500274658203,80.7125015258789,81.23750305175781,80.73308563232422,80113600,79.94566701253255,75.23024963378906,59.34033748626709,4.715417378743496,5.5778275858561175,-4.312051035563109,3.177982429504394
2020-02-18,78.83999633789062,79.9375,78.65249633789062,79.75,79.25482177734375,152531200,80.11316680908203,75.51654968261718,59.477649993896485,4.596617126464849,5.397190892537433,-4.002868830362916,3.2077799377441396
2020-02-19,80.0,81.14250183105469,80.0,80.90499877929688,80.40264892578125,93984000,80.21200002034506,75.8067497253418,59.61748748779297,4.405250295003256,5.2220974934895805,-4.084235992431622,3.2378524475097663
2020-02-20,80.65750122070312,81.1624984741211,79.55249786376953,80.07499694824219,79.57780456542969,100566000,80.14466654459635,76.05469970703125,59.757262477874754,4.0899668375651,5.030579050699868,-4.703061065673837,3.259487445831299
2020-02-21,79.65499877929688,80.11250305175781,77.625,78.26249694824219,77.77655792236328,129554000,79.9643330891927,76.28534957885742,59.894999961853024,3.6789835103352857,4.806560612996418,-5.637885513305663,3.2780699234008797
2020-02-24,74.31500244140625,76.04499816894531,72.30750274658203,74.54499816894531,74.08214569091797,222195200,79.77549947102865,76.43384948730468,60.01409996032715,3.3416499837239684,4.567655476888021,-6.1300274658202625,3.283949905395507
2020-02-25,75.23750305175781,75.63249969482422,71.53250122070312,72.0199966430664,71.57282257080078,230673600,79.43249918619792,76.52039947509766,60.1232999420166,2.912099711100254,4.309725341796875,-6.988128153483104,3.279419906616212
2020-02-26,71.63249969482422,74.47000122070312,71.625,73.1624984741211,72.70822143554688,198054800,78.99583231608072,76.6263494873047,60.24263744354248,2.369482828776029,4.018351882934569,-8.244345270792701,3.2767424087524435
2020-02-27,70.27500152587889,71.5,68.23999786376953,68.37999725341797,67.95542144775389,320605600,78.1969985961914,76.61819946289063,60.35238742828369,1.5787991333007767,3.6620517272949202,-10.416262969970717,3.253162406921388
2020-02-28,64.31500244140625,69.60250091552734,64.09249877929689,68.33999633789061,67.91566467285156,426884800,77.33283182779948,76.58569946289063,60.45826240539551,0.7471323649088504,3.243539916992185,-12.482037760416674,3.2254874114990244
2020-03-02,70.56999969482422,75.36000061035156,69.43000030517578,74.70249938964844,74.23866271972656,341397200,76.97916514078776,76.67769943237305,60.59312490463257,0.3014657084147103,2.8021447499593064,-12.503395207722981,3.216914905548096
2020-03-03,75.9175033569336,76.0,71.44999694824219,72.33000183105469,71.88089752197266,319475600,76.44199879964192,76.72559951782226,60.71717491149902,-0.28360071818033816,2.314122965494788,-12.98861841837563,3.201684921264648
2020-03-04,74.11000061035156,75.8499984741211,73.28250122070312,75.68499755859375,75.2150650024414,219178400,76.16083221435547,76.83919952392579,60.85934989929199,-0.6783673095703193,1.8057612050374303,-12.420642573038748,3.195969924926759
2020-03-05,73.87999725341797,74.88749694824219,72.85250091552734,73.2300033569336,72.77530670166016,187572800,75.5894989013672,76.90659957885742,60.996637420654295,-1.317100677490231,1.265054453531897,-12.91077565511064,3.181992431640626
2020-03-06,70.5,72.70500183105469,70.30750274658203,72.25749969482422,71.80884552001953,226176800,74.992165629069,76.9317495727539,61.12467491149902,-1.9395839436848945,0.7031977081298791,-13.213908259073868,3.161414932250976
2020-03-09,65.9375,69.52249908447266,65.75,66.54250335693361,66.12933349609375,286744800,74.0124989827474,76.84124969482421,61.22891242980957,-2.828750712076811,0.08615763854980116,-14.574541753133062,3.1224674530029293
2020-03-10,69.28500366210939,71.61000061035156,67.34249877929689,71.33499908447266,70.89207458496094,285290000,73.45149892171224,76.81839965820312,61.3610124206543,-3.3669007364908765,-0.5417424062093119,-14.125791651407823,3.0914774475097646
2020-03-11,69.34750366210939,70.30500030517578,67.96499633789061,68.85749816894531,68.42995452880861,255598800,72.64833221435546,76.74654968261719,61.481587409973145,-4.098217468261723,-1.188512435913087,-14.548525161743179,3.0529924545288085
2020-03-12,63.98500061035156,67.5,62.0,62.05749893188477,61.67217636108398,418474000,71.44716567993164,76.53009971618653,61.56908740997314,-5.082934036254883,-1.8546857528686531,-16.14124141693115,2.9922024612426767
2020-03-13,66.22250366210939,69.98000335693361,63.23749923706055,69.49250030517578,69.06101226806639,370732000,70.86249923706055,76.45169975280761,61.69482490539551,-5.589200515747066,-2.4883190409342446,-15.504407374064108,2.9513749694824214
2020-03-16,60.48749923706055,64.76999664306639,60.0,60.5525016784668,60.1765251159668,322423600,69.9296661376953,76.16099975585938,61.77471240997315,-6.231333618164072,-3.141598973592123,-15.448673222859746,2.8772574691772466
2020-03-17,61.87749862670898,64.40249633789061,59.599998474121094,63.21500015258789,62.82249069213867,324056000,69.34266637166341,75.93814979553223,61.87194990158081,-6.595483423868814,-3.7727872441609707,-14.113480898539216,2.813239978790283
2020-03-18,59.94250106811523,62.5,59.27999877929688,61.66749954223633,61.28459930419922,300233600,68.57633310953776,75.67249984741211,61.96366239547729,-7.096166737874356,-4.414567186991374,-13.407997754414907,2.741767490386964
2020-03-19,61.84749984741211,63.209999084472656,60.65250015258789,61.19499969482422,60.81503295898438,271857200,68.09733327229817,75.4044497680664,62.04508739471436,-7.307116495768227,-5.013568768819174,-11.467738634745267,2.6718724746704083
2020-03-20,61.79499816894531,62.95750045776367,57.0,57.31000137329102,56.95415496826172,401693200,67.3620002746582,75.0346997833252,62.10346240997315,-7.6726995086669945,-5.5868803253173835,-10.429095916748054,2.58624747467041
2020-03-23,57.02000045776367,57.125,53.15250015258789,56.09249877929688,55.74421691894531,336752800,66.12133356730143,74.60839973449707,62.15239990234375,-8.487066167195636,-6.1527118708292665,-11.671771481831845,2.4911999664306634
2020-03-24,59.09000015258789,61.92250061035156,58.57500076293945,61.72000122070313,61.33677291870117,287531200,65.414000193278,74.2911498260498,62.22331241607666,-8.877149632771804,-6.703736760457359,-10.867064361572227,2.413567481994629
2020-03-25,62.6875,64.5625,61.07500076293945,61.38000106811523,60.99888610839844,303602000,64.46033376057943,73.93394989013672,62.28948741912842,-9.473616129557286,-7.241276626586915,-11.161697514851854,2.3288924942016593
2020-03-26,61.63000106811523,64.66999816894531,61.59000015258789,64.61000061035156,64.20883178710939,252087200,63.885666910807295,73.66274993896485,62.36902492523193,-9.777083028157556,-7.710691525777183,-10.331957511901862,2.2587450027465836
2020-03-27,63.1875,63.96749877929688,61.76250076293945,61.93500137329102,61.5504379272461,204216800,63.19750035603841,73.34474998474121,62.43596242904663,-10.147249628702802,-8.166496437072755,-9.903765958150235,2.1817575111389163
2020-03-30,62.68500137329102,63.88000106811523,62.349998474121094,63.70249938964844,63.30696105957031,167976400,63.0081667582194,73.0426000213623,62.51178743362427,-10.034433263142901,-8.546806401570638,-7.438134307861315,2.106162517547607
2020-03-31,63.9000015258789,65.62249755859375,63.0,63.5724983215332,63.17776870727539,197002000,62.49066670735677,72.72039993286133,62.58872491836548,-10.229733225504553,-8.910231381734212,-6.597509218851707,2.02633500289917
2020-04-01,61.625,62.18000030517578,59.78250122070313,60.227500915527344,59.8535385131836,176218400,61.9153335571289,72.34209991455079,62.64749992370606,-10.426766357421883,-9.243291343688965,-5.917375068664592,1.938919998168946
2020-04-02,60.084999084472656,61.287498474121094,59.224998474121094,61.23249816894531,60.852294921875,165934000,61.86033350626628,71.97824981689453,62.70559991836548,-10.117916310628253,-9.524371325174966,-2.967724927266433,1.8545299797058108
2020-04-03,60.70000076293945,61.42499923706055,59.74250030517578,60.352500915527344,59.97776794433594,129880000,61.251000213623044,71.58914978027343,62.76002492904663,-10.338149566650387,-9.790916330973307,-2.7361661783853997,1.7658249702453603
2020-04-06,62.724998474121094,65.77749633789061,62.34500122070313,65.61750030517578,65.21006774902344,201820400,61.58866678873698,71.30994979858399,62.838787422180175,-9.721283009847006,-9.914338015238444,0.9652750269571886,1.6942324752807623
2020-04-07,67.69999694824219,67.92500305175781,64.75,64.85749816894531,64.45479583740234,202887200,61.69816665649414,71.06234970092774,62.914599914550784,-9.364183044433602,-9.963041356404624,2.9942915598551068,1.6295499572753913
2020-04-08,65.68499755859375,66.84249877929689,65.30750274658203,66.51750183105469,66.10448455810547,168895200,62.02150014241536,70.80424972534179,62.99896242141724,-8.782749582926428,-9.893954701741539,5.556025594075553,1.5610574607849104
2020-04-09,67.17500305175781,67.51750183105469,66.17500305175781,66.99749755859375,66.58150482177734,162116400,62.40833333333333,70.52249969482422,63.089487400054935,-8.114166361490888,-9.727663035074873,8.067483367919923,1.486602458953857
2020-04-13,67.07749938964844,68.42500305175781,66.45749664306639,68.3125,67.88833618164061,131022800,63.141833241780596,70.26939971923828,63.18129989624023,-7.127566477457684,-9.42569471995036,11.490641212463384,1.4176199645996093
2020-04-14,70.0,72.0625,69.51249694824219,71.76249694824219,71.31690979003906,194994800,64.18649978637696,70.157099609375,63.29043737411499,-5.9705998229980395,-9.019311375935875,15.243557764689175,1.3733324470520019
2020-04-15,70.5999984741211,71.5824966430664,70.15750122070311,71.10749816894531,70.66598510742188,131154400,64.81233291625976,70.03594955444336,63.398574867248534,-5.2236166381836,-8.518699717203779,16.475415395100896,1.3274749374389658
2020-04-16,71.84500122070312,72.05000305175781,70.5875015258789,71.67250061035156,71.22747039794922,157125200,65.49849955240886,69.87514953613281,63.5049998664856,-4.376649983723951,-7.913688079833986,17.685190480550176,1.2740299339294425
2020-04-17,71.17250061035156,71.73750305175781,69.21499633789061,70.69999694824219,70.26101684570311,215250000,65.90449930826823,69.6818994140625,63.60508735656738,-3.777400105794271,-7.279636459350587,17.51118176778158,1.2153624114990238
2020-04-20,69.48750305175781,70.41999816894531,69.21250152587889,69.23249816894531,68.80261993408203,130015200,66.39099909464518,69.44049942016602,63.69573734283447,-3.049500325520839,-6.550771535237632,17.506356048583967,1.1489524154663102
2020-04-21,69.06999969482422,69.3125,66.35749816894531,67.09249877929689,66.67591094970703,180991600,66.61699905395508,69.18219940185547,63.775912342071535,-2.5652003479003866,-5.835163269042971,16.349814605712922,1.081257411956787
2020-04-22,68.40249633789061,69.47499847412111,68.05000305175781,69.02500152587889,68.59641265869139,117057200,66.98049926757812,68.95494949340821,63.87101234436035,-1.9744502258300827,-5.096189987182618,15.608698806762678,1.0167874298095712
2020-04-23,68.96749877929689,70.4375,68.71749877929689,68.75749969482422,68.33058166503906,124814400,67.54916585286459,68.73204956054687,63.963249835968014,-1.1828837076822794,-4.336203399658204,15.76659845987962,0.9537599449157711
2020-04-24,69.30000305175781,70.75250244140625,69.25,70.74250030517578,70.30325317382811,126508800,68.18316599527995,68.51089950561523,64.06292484283448,-0.3277335103352783,-3.5575601145426425,16.14913302103682,0.8895949325561503
2020-04-27,70.44999694824219,71.13500213623047,69.98750305175781,70.7925033569336,70.35294342041016,117087600,68.87916615804036,68.30239959716796,64.16469985961913,0.5767665608724002,-2.7871268107096343,16.81946685791017,0.8275399475097658
2020-04-28,71.2699966430664,71.4574966430664,69.55000305175781,69.64499664306639,69.21255493164061,112004800,69.14766591389974,68.07054946899414,64.25879983901977,1.0771164449055988,-2.08235518391927,15.797358144124345,0.7623499259948745
2020-04-29,71.18250274658203,72.4175033569336,70.97250366210938,71.93250274658203,71.4858627319336,137280800,69.61933288574218,67.91419952392579,64.36194984436035,1.7051333618163937,-1.389480183919271,15.473067728678323,0.710449935913087
2020-04-30,72.48999786376953,73.63249969482422,72.0875015258789,73.44999694824219,72.99393463134766,183064000,70.08149922688803,67.76509948730468,64.47357482910157,2.316399739583346,-0.7201752115885413,15.182874755859437,0.6583049316406232
2020-05-01,71.5625,74.75,71.4625015258789,72.26750183105469,71.81878662109375,240616800,70.43283284505209,67.60894958496094,64.58072483062745,2.8238832600911508,-0.060046874999999035,14.419650675455749,0.6056449508666987
2020-05-04,72.2925033569336,73.42250061035156,71.58000183105469,73.29000091552734,72.83493041992188,133568000,70.76466623942058,67.50949966430665,64.69009983062745,3.2551665751139325,0.570419815063478,13.423733800252272,0.5638799667358398
2020-05-05,73.76499938964844,75.25,73.61499786376953,74.38999938964844,73.9281005859375,147751200,70.93983306884766,67.5063996887207,64.80881233215332,3.4334333801269565,1.1702831878662123,11.31575096130372,0.5395174713134765
2020-05-06,75.11499786376953,75.80999755859375,74.71749877929688,75.15750122070312,74.69084167480469,142333600,71.20983327229818,67.56914978027343,64.92557483673096,3.640683492024749,1.7317965596516955,9.544434661865267,0.5287149887084951
2020-05-07,75.80500030517578,76.2925033569336,75.49250030517578,75.93499755859375,75.46350860595703,115215200,71.49399973551432,67.62459976196288,65.04419982910156,3.869399973551438,2.2370249277750673,8.161875228881854,0.5160799865722652
2020-05-08,76.41000366210938,77.5875015258789,76.07250213623047,77.53250122070312,77.25967407226562,134048000,71.94950002034506,67.80764984130859,65.1710248374939,4.141850179036467,2.683983296712242,7.289334411621127,0.5273250007629372
2020-05-11,77.0250015258789,79.26249694824219,76.80999755859375,78.75250244140625,78.47537231445312,145946400,72.58416697184245,68.0158999633789,65.30601234436035,4.56826700846355,3.083133341471357,7.4256683349609665,0.541977523803709
2020-05-12,79.4574966430664,79.92250061035156,77.72750091552734,77.85250091552734,77.57853698730469,162301200,73.30150044759115,68.07889999389648,65.43559984207154,5.2226004536946675,3.497681742350264,8.624593556722019,0.5286600303649891
2020-05-13,78.0374984741211,78.98750305175781,75.80249786376953,76.9124984741211,76.64185333251953,200622400,73.82733357747396,68.17054992675781,65.55806234359741,5.65678365071615,3.8928467712402393,8.819684397379554,0.5224975166320803
2020-05-14,76.12750244140625,77.44750213623047,75.38249969482422,77.38500213623047,77.11268615722656,158929200,74.40250040690104,68.20455001831054,65.68401235580444,6.197950388590499,4.2810018361409545,9.584742762247721,0.5041075325012202
2020-05-15,75.0875015258789,76.9749984741211,75.05249786376953,76.92749786376953,76.65679168701172,166348400,74.81483357747396,68.27849990844726,65.80234985351562,6.536333669026703,4.65224687703451,9.420433959960967,0.49523001098632735
2020-05-18,78.2925033569336,79.125,77.58000183105469,78.73999786376953,78.4629135131836,135372400,75.34466654459635,68.40814987182617,65.93551235198974,6.936516672770182,5.020381886800135,9.580673929850235,0.49452750396728506
2020-05-19,78.75749969482422,79.62999725341797,78.25250244140625,78.28500366210938,78.009521484375,101729600,75.92066701253255,68.64299987792968,66.07191236495972,7.277667134602865,5.404805262247725,9.364309361775698,0.5142175025939935
2020-05-20,79.16999816894531,79.87999725341797,79.12999725341797,79.80750274658203,79.52666473388672,111504800,76.44566701253255,68.81244995117187,66.22927488327026,7.633217061360682,5.804058619181319,9.145792210896815,0.5166350135803214
2020-05-21,79.66500091552734,80.22250366210938,78.96749877929688,79.2125015258789,78.93375396728516,102688800,76.829833984375,69.01955001831055,66.37908739089966,7.810283966064446,6.1981470184326195,8.060684738159134,0.5280925254821796
2020-05-22,78.94249725341797,79.80750274658203,78.8375015258789,79.72250366210938,79.44196319580078,81803200,77.32683410644532,69.37285011291505,66.52889991760254,7.953983993530272,6.579360399882001,6.873117968241358,0.5687900390625004
2020-05-26,80.875,81.05999755859375,79.125,79.18250274658203,78.90386199951172,125522000,77.71966756184896,69.56665016174317,66.67052494049072,8.153017400105796,6.937835439046225,6.075909805297854,0.5792250442504895
2020-05-27,79.03500366210938,79.67749786376953,78.27249908447266,79.52749633789062,79.24764251708984,112945200,78.06216735839844,69.94615005493164,66.81692491531372,8.116017303466805,7.227177124023439,4.44420089721683,0.6258450279235831
2020-05-28,79.19249725341797,80.86000061035156,78.90750122070312,79.5625,79.28252410888672,133560800,78.3558339436849,70.27310005187988,66.9641374206543,8.08273389180502,7.469772148132326,3.064808718363472,0.6617925262451166
2020-05-29,79.8125,80.2874984741211,79.11750030517578,79.48500061035156,79.2052993774414,153598000,78.59250081380209,70.62945007324218,67.10034992218017,7.963050740559908,7.646282183329267,1.5838427861532045,0.7058200302124021
2020-06-01,79.4375,80.5875015258789,79.30249786376953,80.4625015258789,80.17935943603516,80791200,78.78783416748047,71.01480010986329,67.24922492980957,7.773034057617181,7.769952222188314,0.015409177144336539,0.7531150360107433
2020-06-02,80.1875,80.86000061035156,79.73249816894531,80.83499908447266,80.55054473876953,87642800,78.92666727701823,71.48530006408691,67.40122491836547,7.441367212931311,7.820437276204427,-1.8953503163655805,0.8168150291442885
2020-06-03,81.16500091552734,81.55000305175781,80.57499694824219,81.27999877929688,80.99398040771484,104491200,79.15516713460286,71.98905006408691,67.54949991226196,7.166117070515952,7.809282269795736,-3.2158259963989178,0.8879100303649893
2020-06-04,81.09750366210938,81.40499877929688,80.19499969482422,80.58000183105469,80.29644775390625,87560400,79.39966735839843,72.36625007629395,67.68946241378784,7.03341728210448,7.749302291870116,-3.5794250488281776,0.935357532501223
2020-06-05,80.8375015258789,82.9375,80.80750274658203,82.875,82.5833740234375,137250400,79.76566721598307,72.79615005493164,67.8408874130249,6.969517161051428,7.665225611368814,-3.478542251586929,0.9910525283813485
2020-06-08,82.5625,83.4000015258789,81.83000183105469,83.36499786376953,83.07164001464844,95654400,80.19483388264975,73.17125,67.9919124031067,7.023583882649746,7.572185600280761,-2.743008588155078,1.035867519378661
2020-06-09,83.03500366210938,86.40249633789062,83.00250244140625,85.99749755859375,85.69487762451172,147712400,80.67866719563803,73.65249992370606,68.15632488250732,7.026167271931968,7.459500587463379,-2.166666577657055,1.099235008239748
2020-06-10,86.9749984741211,88.69249725341797,86.52249908447266,88.20999908447266,87.89958953857422,166651600,81.3403335571289,74.14264991760254,68.34407487869262,7.19768363952636,7.367667221069334,-0.84991790771487,1.1597150077819833
2020-06-11,87.32749938964844,87.76499938964844,83.87000274658203,83.9749984741211,83.67949676513672,201662400,81.61816660563152,74.5506999206543,68.50583736419678,7.067466684977219,7.266140500386554,-0.9933690770466708,1.2089725112915035
2020-06-12,86.18000030517578,86.94999694824219,83.55500030517578,84.69999694824219,84.40194702148438,200146000,81.98399963378907,75.04014984130859,68.67413734436035,6.943849792480478,7.164220405578611,-1.1018530654906655,1.273202499389649
2020-06-15,83.3125,86.41999816894531,83.1449966430664,85.74749755859375,85.44575500488281,138808800,82.38566589355469,75.53044982910156,68.8459623336792,6.855216064453131,7.072438606262206,-1.0861127090453726,1.336897499084472
2020-06-16,87.86499786376953,88.30000305175781,86.18000030517578,88.0199966430664,87.71025848388672,41357200,82.9748321533203,76.08379974365235,69.02479982376099,6.891032409667957,7.017405125935871,-0.6318635813395668,1.4117999839782727
2020-06-17,88.7874984741211,88.8499984741211,87.77249908447266,87.89749908447266,87.58819580078125,28532000,83.53283233642578,76.52939971923828,69.2033623123169,7.003432617187499,7.001136680603025,0.011479682922370671,1.4652074813842775
2020-06-18,87.85250091552734,88.36250305175781,87.30500030517578,87.93250274658203,87.62307739257812,24205100,84.09083251953125,76.99089981079102,69.3858998298645,7.099932708740226,7.0077882232666,0.4607224273681343,1.5209999961853045
2020-06-19,88.66000366210938,89.13999938964844,86.2874984741211,87.43000030517578,87.1223373413086,66119000,84.62049916585286,77.40914978027344,69.56156232833862,7.211349385579425,7.0319714457194,0.8968896993001252,1.5695174903869629
2020-06-22,87.83499908447266,89.86499786376953,87.7874984741211,89.71749877929688,89.40178680419922,33861300,85.2374989827474,77.8635498046875,69.74354982376099,7.3739491780599025,7.067007975260415,1.5347060139974378,1.6239999961853018
2020-06-23,91.0,93.09500122070312,90.56749725341795,91.63249969482422,91.31005096435548,52914600,85.95733235677083,78.32994979858398,69.93513732910156,7.627382558186852,7.127129503885904,2.5012652715047423,1.6789624938964836
2020-06-24,91.25,92.19750213623048,89.62999725341797,90.01499938964844,89.6982421875,192623200,86.53966573079427,78.6949998474121,70.11749982833862,7.844665883382163,7.191827728271484,3.264190775553395,1.7155000038146966
2020-06-25,90.1750030517578,91.25,89.39250183105469,91.20999908447266,90.8890380859375,137522400,87.24833221435547,79.09704986572265,70.30267482757569,8.151282348632819,7.300209294637044,4.255365269978872,1.7588750076293935
2020-06-26,91.10250091552734,91.33000183105469,88.25499725341797,88.40750122070312,88.09640502929688,205256800,87.617165629069,79.43174987792969,70.46522483825683,8.185415751139317,7.424365890502928,3.8052493031819434,1.793305007934572
2020-06-29,88.3125,90.5425033569336,87.81999969482422,90.44499969482422,90.1267318725586,130646000,88.08916575113932,79.82664993286133,70.6385873413086,8.26251581827799,7.5650958658854135,3.487099761962882,1.8376125183105474
2020-06-30,90.0199966430664,91.49500274658205,90.0,91.1999969482422,90.87906646728516,140223200,88.43599904378256,80.26599990844727,70.8211498260498,8.169999135335289,7.692992538452147,2.385032984415707,1.8889700164794931
2020-07-01,91.27999877929688,91.83999633789062,90.97750091552734,91.02749633789062,90.7071762084961,110737200,88.62383219401042,80.74469985961915,71.00141231536865,7.879132334391272,7.780562510172524,0.49284912109373913,1.9486575088500986
2020-07-02,91.9625015258789,92.61750030517578,90.91000366210938,91.02749633789062,90.7071762084961,114041600,89.09399871826172,81.18474975585937,71.18067480087281,7.909248962402344,7.861494135538736,0.2387741343180405,2.0008149909973127
2020-07-06,92.5,93.94499969482422,92.46749877929688,93.4625015258789,93.13361358642578,118655600,89.67816569010417,81.67884979248046,71.36952480316162,7.999315897623703,7.940290786743164,0.29512555440269317,2.061864997863768
2020-07-07,93.85250091552734,94.65499877929688,93.05750274658205,93.17250061035156,92.84463500976562,112424400,90.17316589355468,82.12744979858398,71.55918729782104,8.0457160949707,8.007467478434243,0.19124308268228418,2.1136525001525883
2020-07-08,94.18000030517578,95.375,94.08999633789062,95.34249877929688,95.00699615478516,117092000,90.66133270263671,82.61844970703125,71.7637372970581,8.042882995605467,8.049017522176104,-0.03067263285318589,2.1709424819946292
2020-07-09,96.2624969482422,96.31749725341795,94.67250061035156,95.75250244140624,95.41555786132812,125642800,91.18499959309896,83.14059982299804,71.96909980773925,8.044399770100924,8.068990910847981,-0.12295570373528797,2.2343000030517572
2020-07-10,95.33499908447266,95.9800033569336,94.70500183105469,95.91999816894531,95.58246612548828,90257200,91.71749928792318,83.62034973144532,72.17659980773925,8.09714955647786,8.063577631632485,0.1678596242268693,2.288749984741213
2020-07-13,97.26499938964844,99.95500183105469,95.25749969482422,95.47750091552734,95.14152526855469,191649200,92.25399932861328,84.06089981079101,72.37769981384277,8.193099517822262,8.06434600830078,0.6437675476074123,2.3366399993896496
2020-07-14,94.83999633789062,97.25499725341795,93.87750244140624,97.05750274658205,96.7159652709961,170989200,92.74333292643229,84.55669982910156,72.58812482833862,8.186633097330727,8.056757736206054,0.6493768056233673,2.393715000152588
2020-07-15,98.98999786376952,99.24749755859376,96.48999786376952,97.7249984741211,97.38111114501952,153198000,93.14949951171874,85.04539978027344,72.80322481155396,8.104099731445302,8.050167795817055,0.26965967814123637,2.4484349937438967
2020-07-16,96.5625,97.40499877929688,95.90499877929688,96.52249908447266,96.18284606933594,110577600,93.58333282470703,85.48804977416992,73.00587480545045,8.095283050537105,8.071782867431638,0.11750091552733544,2.4964349937438954
2020-07-17,96.9875030517578,97.14749908447266,95.83999633789062,96.32749938964844,95.98853302001952,92186800,93.92449951171875,85.91144973754882,73.20677480697631,8.013049774169929,8.082162948608396,-0.3455658721923349,2.540934986114502
2020-07-20,96.4175033569336,98.5,96.0625,98.35749816894531,98.01139068603516,90318000,94.58783264160157,86.35989974975585,73.42486228942872,8.227932891845711,8.105024648030597,0.6145412190755728,2.587007492065428
2020-07-21,99.17250061035156,99.25,96.74250030517578,97.0,96.65866088867188,103646000,95.02483266194662,86.7492497253418,73.63383728027344,8.27558293660482,8.12801133219401,0.737858022054052,2.623082489013672
2020-07-22,96.69249725341795,97.9749984741211,96.60250091552734,97.27249908447266,96.9301986694336,89001600,95.4296661376953,87.11964965820313,73.83643728256226,8.310016479492177,8.15472468058268,0.7764589945474842,2.6566424751281748
2020-07-23,96.99749755859376,97.07749938964844,92.01000213623048,92.84500122070312,92.5182876586914,197004400,95.55083312988282,87.41949966430664,74.01683729171754,8.131333465576176,8.163418050130206,-0.16042292277014703,2.6805324745178214
2020-07-24,90.9875030517578,92.97000122070312,89.1449966430664,92.61499786376952,92.28909301757812,185438800,95.6566665649414,87.73354965209961,74.19941228866577,7.923116912841792,8.1460147857666,-1.1144893646240384,2.7068274726867685
2020-07-27,93.70999908447266,94.90499877929688,93.4800033569336,94.80999755859376,94.4763641357422,121214000,95.74649963378906,88.08204956054688,74.38967477798462,7.664450073242179,8.093149841308591,-2.143498840332061,2.738474956512451
2020-07-28,94.36750030517578,94.5500030517578,93.24749755859376,93.25250244140624,92.92435455322266,103625600,95.75183308919271,88.40854965209961,74.56832479476928,7.343283437093106,8.008814875284829,-3.327657190958613,2.7680449714660655
2020-07-29,93.75,95.2300033569336,93.7125015258789,95.04000091552734,94.70555877685548,90329200,95.7316665649414,88.73454971313477,74.74826229095459,6.997116851806638,7.898116587320962,-4.504998677571619,2.7972574844360367
2020-07-30,94.1875,96.29750061035156,93.76750183105469,96.19000244140624,95.8515167236328,158130000,95.76083323160807,89.0926496887207,74.93437480926514,6.668183542887377,7.755406636555989,-5.436115468343061,2.8316549758911123
2020-07-31,102.88500213623048,106.41500091552734,100.8249969482422,106.26000213623048,105.8860855102539,374336800,96.45016682942709,89.62169967651367,75.17152481079101,6.828467152913419,7.636948374430338,-4.042406107584595,2.890034973144532
2020-08-03,108.1999969482422,111.6374969482422,107.89250183105469,108.9375,108.5541534423828,308151200,97.34750010172526,90.2161996459961,75.42324981689453,7.131300455729161,7.527285130818683,-1.979923375447612,2.9585899658203147
2020-08-04,109.13249969482422,110.79000091552734,108.3874969482422,109.66500091552734,109.2790985107422,173071600,98.18799997965495,90.81504959106445,75.67747482299805,7.372950388590496,7.43702187601725,-0.3203574371337714,3.0275149536132804
2020-08-05,109.37750244140624,110.39250183105469,108.89749908447266,110.0625,109.6751937866211,121992000,99.01050008138021,91.43264953613281,75.93227481842041,7.577850545247401,7.363805282592773,1.070226313273137,3.100074943542481
2020-08-06,110.40499877929688,114.4124984741211,109.79750061035156,113.90249633789062,113.50167846679688,202428800,100.1691665649414,92.12014953613281,76.20114980697632,8.049017028808592,7.355573638916015,3.4672169494628857,3.1837999458312995
2020-08-07,113.20500183105469,113.6750030517578,110.2925033569336,111.1125030517578,110.92113494873048,198045600,101.1548334757487,92.75114959716797,76.45676231384277,8.403683878580736,7.403630335489909,5.000267715454134,3.2588774566650387
2020-08-10,112.5999984741211,113.7750015258789,110.0,112.72750091552734,112.53335571289062,212403600,102.11283365885417,93.41599960327149,76.71642482757568,8.696834055582684,7.50686873372396,5.9498266092936225,3.339914955139162
2020-08-11,111.97000122070312,112.48249816894531,109.10749816894531,109.375,109.1866226196289,187902400,102.93783365885416,93.9942495727539,76.95882482528687,8.943584086100259,7.666898798624675,6.3834264373779215,3.407084949493407
2020-08-12,110.49749755859376,113.2750015258789,110.29750061035156,113.01000213623048,112.81536865234376,165944800,103.98700052897135,94.63774963378906,77.2156498336792,9.349250895182294,7.902112202962241,7.235693461100268,3.4844199600219725
2020-08-13,114.43000030517578,116.0425033569336,113.92749786376952,115.01000213623048,114.81192016601562,210082000,105.46466725667318,95.31234970092774,77.47938734054566,10.15231755574544,8.250525604248047,9.50895975748697,3.566592472076417
2020-08-14,114.83000183105469,115.0,113.04499816894531,114.90750122070312,114.70960235595705,165565200,106.95083414713541,95.9988996887207,77.7498123550415,10.951934458414712,8.662872334798177,11.445310618082676,3.64981746673584
2020-08-17,116.0625,116.0875015258789,113.9625015258789,114.60749816894531,114.4101104736328,119561600,108.27066752115886,96.6335496520996,78.01877485275268,11.637117869059253,9.113454076131186,12.618318964640336,3.7229549598693836
2020-08-18,114.35250091552734,116.0,114.00749969482422,115.5625,115.36347198486328,105633600,109.75800069173177,97.27749969482421,78.28563735961914,12.480500996907551,9.624209136962891,14.2814592997233,3.7983724670410144
2020-08-19,115.98249816894531,117.1624984741211,115.61000061035156,115.7074966430664,115.50821685791016,145538000,111.13583374023438,97.87169967651367,78.5443998336792,13.264134063720704,10.192837488810222,15.35648287455241,3.8654599685668956
2020-08-20,115.75,118.39250183105469,115.73249816894531,118.2750015258789,118.07129669189452,126907200,112.60816701253255,98.4729997253418,78.8138998413086,14.135167287190754,10.801452514648437,16.668573862711582,3.9318199768066395
2020-08-21,119.2624969482422,124.86750030517578,119.25,124.37000274658205,124.15579986572266,338054800,113.815500386556,99.28089981079101,79.114337348938,14.534600575764983,11.414544184366862,15.600281956990605,4.033312492370604
2020-08-24,128.69749450683594,128.78500366210938,123.9375,125.85749816894531,125.64073944091795,345937600,114.94350026448568,100.10404983520507,79.42207485198975,14.839450429280603,12.028805821736654,14.053223037719746,4.136394996643065
2020-08-25,124.69750213623048,125.18000030517578,123.05249786376952,124.8249969482422,124.61001586914062,211495600,115.95416666666667,100.88559982299805,79.72191234588622,15.06856684366862,12.641304097493492,12.136313730875639,4.232737495422365
2020-08-26,126.18000030517578,126.99250030517578,125.0824966430664,126.52249908447266,126.30459594726562,163022400,117.05149993896484,101.65564987182617,80.02934982299804,15.395850067138667,13.245964014689127,10.749430262247701,4.325260009765626
2020-08-27,127.14250183105469,127.48500061035156,123.8324966430664,125.01000213623048,124.7947006225586,155552400,117.79200032552083,102.39789993286132,80.3266498184204,15.39410039265951,13.770142298380534,8.119790471394879,4.414250022888183
2020-08-28,126.0124969482422,126.44249725341795,124.57749938964844,124.80750274658205,124.5925521850586,187630000,118.70500030517579,103.13539993286133,80.62323734283447,15.569600372314454,14.231908889770509,6.688457412719728,4.502432518005373
2020-08-31,127.58000183105469,131.0,126.0,129.03999328613278,128.8177490234375,225702700,119.79249979654948,103.96759979248047,80.93784980773925,15.824900004069008,14.650687103271485,5.871064503987613,4.605949996948243
2020-09-01,132.75999450683594,134.80000305175778,130.52999877929688,134.17999267578122,133.94889831542972,152470100,121.4461659749349,104.85684967041016,81.28044975280761,16.589316304524743,15.061568634033204,7.638738352457697,4.715279983520509
2020-09-02,137.58999633789062,137.97999572753906,127.0,131.39999389648438,131.17369079589844,200119000,122.67216542561849,105.65219955444336,81.605249710083,17.01996587117513,15.43715181477865,7.914070281982406,4.809389968872072
2020-09-03,126.91000366210938,128.83999633789062,120.5,120.87999725341795,120.67180633544922,257599600,123.063498433431,106.26949951171875,81.8757746887207,16.793998921712245,15.7030349782308,5.454819717407222,4.878744964599611
2020-09-04,120.06999969482422,123.6999969482422,110.88999938964844,120.95999908447266,120.75167083740234,332607200,123.46699829101563,106.86449951171875,82.14771217346191,16.60249877929688,15.909824798583989,3.463369903564457,4.943357467651367
2020-09-08,113.9499969482422,118.98999786376952,112.68000030517578,112.81999969482422,112.62569427490234,231366600,123.34783172607422,107.35274948120117,82.38282466888428,15.995082244873046,16.025387980143233,-0.1515286763509316,4.9939849624633785
2020-09-09,117.26000213623048,119.13999938964844,115.26000213623048,117.31999969482422,117.1179428100586,176940500,123.46499837239584,107.89024948120117,82.64191215515137,15.574748891194673,16.07600618489584,-2.5062864685058273,5.049667465209959
2020-09-10,120.36000061035156,120.5,112.5,113.48999786376952,113.29454040527344,182274400,123.31716512044271,108.33604949951172,82.8821371459961,14.981115620930993,16.034532740275075,-5.267085596720413,5.090782470703124
2020-09-11,114.56999969482422,115.2300033569336,110.0,112.0,111.8071060180664,180860300,122.89883168538411,108.7554995727539,83.10917465209961,14.143332112630205,15.909455912272145,-8.830618998209703,5.1292649841308595
2020-09-14,114.72000122070312,115.93000030517578,112.8000030517578,115.36000061035156,115.16131591796876,140150100,122.29816487630208,109.24214965820312,83.35561214447021,13.056015218098963,15.658097396850597,-13.010410893758166,5.177307502746581
2020-09-15,118.33000183105469,118.83000183105469,113.61000061035156,115.54000091552734,115.34101104736328,184642000,121.61033172607422,109.6836996459961,83.59851215362549,11.926632080078122,15.268270604451507,-16.708192621866928,5.217037498474122
2020-09-16,115.2300033569336,116.0,112.04000091552734,112.12999725341795,111.93688201904295,154679000,120.76399841308594,110.06284957885742,83.82509963989258,10.701148834228519,14.679453857421885,-19.89152511596683,5.2475499877929686
2020-09-17,109.72000122070312,112.1999969482422,108.70999908447266,110.33999633789062,110.14996337890624,178011000,119.68516489664714,110.36279953002929,84.04659961700439,9.322365366617845,13.909693806966157,-22.93664220174156,5.263239982604981
2020-09-18,110.4000015258789,110.87999725341795,106.08999633789062,106.83999633789062,106.65599060058594,287104900,118.47383117675781,110.58454940795899,84.25648708343506,7.889281768798824,13.019222091674814,-25.64970161437995,5.265612464904786
2020-09-21,104.54000091552734,110.19000244140624,103.0999984741211,110.08000183105469,109.89041137695312,195713800,117.49199778238932,110.86774948120117,84.47971210479736,6.624248301188146,12.02139704386394,-26.985743713378973,5.277607475280764
2020-09-22,112.68000030517578,112.86000061035156,109.16000366210938,111.80999755859376,111.617431640625,183055400,116.34333140055338,111.1943994140625,84.706787109375,5.148931986490879,10.936782018025724,-28.939250157674223,5.2975224609375005
2020-09-23,111.62000274658205,112.11000061035156,106.7699966430664,107.12000274658205,106.93550872802734,150718700,114.53933207194011,111.3956494140625,84.90399963378906,3.143682657877605,9.693675394694017,-32.74996368408206,5.29832995605469
2020-09-24,105.16999816894531,110.25,105.0,108.22000122070312,108.03361511230469,167743300,112.99399922688802,111.60554946899414,85.11144962310792,1.3884497578938806,8.334408808390306,-34.72979525248213,5.298819969177245
2020-09-25,108.43000030517578,112.44000244140624,107.66999816894531,112.27999877929688,112.0866241455078,149981400,112.42066599527995,111.92069946289062,85.33724960327149,0.49996653238932254,6.970072250366218,-32.350528589884476,5.316689971923828
2020-09-28,115.01000213623048,115.31999969482422,112.77999877929688,114.95999908447266,114.7620086669922,137672400,112.02066599527994,112.29334945678711,85.57358711242676,-0.27268346150717093,5.637202382405604,-29.549429219563876,5.34395246887207
2020-09-29,114.5500030517578,115.30999755859376,113.56999969482422,114.08999633789062,113.89350128173828,99382200,112.10533243815104,112.60799942016601,85.80471210479736,-0.5026669820149721,4.394272476196295,-24.484697291056335,5.36065746307373
2020-09-30,113.79000091552734,117.26000213623048,113.62000274658205,115.80999755859376,115.61054229736328,142675200,112.00466562906901,112.9841993713379,86.03982460021973,-0.9795337422688846,3.2262042185465547,-21.028689804077196,5.388874954223633
2020-10-01,117.63999938964844,117.72000122070312,115.83000183105469,116.79000091552734,116.58885955810548,116120400,112.22466583251953,113.37454940795898,86.27394962310791,-1.1498835754394463,2.1789793243408253,-16.64431449890136,5.420119956970215
2020-10-02,112.88999938964844,115.37000274658205,112.22000122070312,113.0199966430664,112.82534790039062,144712000,112.29266560872396,113.77804931640625,86.4885371017456,-1.4853837076822884,1.2415127766927143,-13.634482421875013,5.45790244293213
2020-10-05,113.91000366210938,116.6500015258789,113.5500030517578,116.5,116.29935455322266,106243800,112.36866556803385,114.25574935913086,86.72136211395264,-1.8870837910970124,0.3903795674641984,-11.387316792806054,5.506877449035645
2020-10-06,115.6999969482422,116.12000274658205,112.25,113.16000366210938,112.9651107788086,161498200,112.20999908447266,114.62274948120117,86.93713714599609,-2.412750396728512,-0.3657886708577408,-10.234808629353857,5.537122467041016
2020-10-07,114.62000274658205,115.5500030517578,114.12999725341795,115.08000183105469,114.88180541992188,96849000,112.4066660563151,115.05929946899414,87.16323715209961,-2.6526334126790374,-0.945420277913405,-8.536065673828162,5.579212463378906
2020-10-08,116.25,116.4000015258789,114.58999633789062,114.97000122070312,114.77198791503906,83477200,112.7153330485026,115.45789947509766,87.38308715820312,-2.7425664265950616,-1.3585218963622991,-6.920222651163812,5.614962463378908
2020-10-09,115.27999877929688,117.0,114.91999816894531,116.97000122070312,116.76854705810548,100506900,113.39066670735677,115.8734994506836,87.61259967803954,-2.4828327433268242,-1.656801823933914,-4.130154596964552,5.652179954528811
2020-10-12,120.05999755859376,125.18000030517578,119.27999877929688,124.4000015258789,124.18575286865234,240226800,114.34533335367838,116.23629943847656,87.87221218109131,-1.8909660847981797,-1.8186300862630147,-0.3616799926758252,5.672817451477051
2020-10-13,125.2699966430664,125.38999938964844,119.6500015258789,121.0999984741211,120.89143371582031,262330500,114.96466674804688,116.47954940795898,88.1154621887207,-1.5148826599121037,-1.919851654052728,2.0248449707031213,5.6728174438476575
2020-10-14,121.0,123.02999877929688,119.62000274658205,121.19000244140624,120.98127746582031,151062300,115.90266672770183,116.71004943847656,88.35701221466064,-0.807382710774732,-1.9026365509033127,5.4762692006429035,5.670607444763184
2020-10-15,118.72000122070312,121.1999969482422,118.1500015258789,120.70999908447266,120.50210571289062,112559200,116.73533325195312,116.92299942016602,88.5934997177124,-0.18766616821289972,-1.806414810180658,8.093743209838792,5.665899940490724
2020-10-16,121.27999877929688,121.5500030517578,118.80999755859376,119.0199966430664,118.81501007080078,115393800,117.18466644287109,117.02534942626953,88.81316219329834,0.1593170166015625,-1.641944737752273,9.006308771769177,5.642437446594238
2020-10-19,119.95999908447266,120.41999816894531,115.66000366210938,115.9800033569336,115.7802505493164,120639300,117.25266672770182,117.12269943237305,89.02127471923828,0.12996729532876827,-1.4402396291096948,7.851034622192316,5.620284942626956
2020-10-20,116.1999969482422,118.9800033569336,115.62999725341795,117.51000213623048,117.3076171875,124423700,117.48066711425781,117.21834945678711,89.23407474517822,0.2623176574707031,-1.1727328236897734,7.175252405802382,5.596854942321778
2020-10-21,116.66999816894531,118.70999908447266,116.4499969482422,116.87000274658205,116.6687240600586,89946000,117.55133412679037,117.36824951171874,89.44543724060058,0.18308461507162122,-0.8891610209147075,5.3612281799316435,5.584562454223633
2020-10-22,117.4499969482422,118.04000091552734,114.58999633789062,115.75,115.55064392089844,101988000,117.48200073242188,117.42304946899414,89.64519973754882,0.05895126342774404,-0.6090092519124269,3.339802576700855,5.555569946289063
2020-10-23,116.38999938964844,116.5500030517578,114.27999877929688,115.04000091552734,114.84187316894531,82572600,117.61666768391927,117.42364944458008,89.83336223602295,0.19301823933919593,-0.3414241536458249,2.672211964925104,5.518057441711426
2020-10-26,114.01000213623048,116.5500030517578,112.87999725341795,115.0500030517578,114.8518524169922,111850700,117.52000122070312,117.42649948120118,90.02069976806641,0.09350173950194574,-0.14297737121581236,1.1823955535887904,5.481159942626954
2020-10-27,115.48999786376952,117.27999877929688,114.54000091552734,116.5999984741211,116.39917755126952,92276800,117.74933420817057,117.46634948730468,90.20749977111817,0.28298472086588333,0.036809366861986346,1.230876770019485,5.451769943237304
2020-10-28,115.0500030517578,115.43000030517578,111.0999984741211,111.1999969482422,111.00847625732422,143937800,117.49066721598307,117.37909942626953,90.37264976501464,0.11156778971353276,0.12870441691081283,-0.08568313598640034,5.401289932250979
2020-10-29,112.37000274658205,116.93000030517578,112.1999969482422,115.31999969482422,115.1213836669922,146129200,117.51400044759114,117.37134948730468,90.5600747680664,0.14265096028645985,0.16173612976074878,-0.09542584737144463,5.362254943847657
2020-10-30,111.05999755859376,111.98999786376952,107.72000122070312,108.86000061035156,108.67251586914062,190272600,116.97333374023438,117.18304946899414,90.71032478332519,-0.20971572875976108,0.12483285522461643,-1.6727429199218875,5.29454493713379
2020-11-02,109.11000061035156,110.68000030517578,107.31999969482422,108.7699966430664,108.5826644897461,122866900,115.93133341471354,116.87104934692383,90.85576225280762,-0.9397159322102908,0.017864532470710515,-4.787902323405007,5.203057418823241
2020-11-03,109.66000366210938,111.48999786376952,108.7300033569336,110.44000244140624,110.24979400634766,107624400,115.22066701253256,116.56269943237305,91.01224975585937,-1.3420324198404927,-0.14257047526040906,-5.997309722900418,5.110089935302736
2020-11-04,114.13999938964844,115.58999633789062,112.3499984741211,114.9499969482422,114.75202178955078,138235500,114.80466664632162,116.36519943237305,91.1898747253418,-1.560532786051425,-0.3169322153727137,-6.218002853393557,5.035064941406251
2020-11-05,117.9499969482422,119.62000274658205,116.87000274658205,119.02999877929688,118.8249969482422,126387100,114.69266662597656,116.21534942626953,91.38598720550537,-1.5226828002929693,-0.47509562174478503,-5.237935892740921,4.965872444152831
2020-11-06,118.31999969482422,119.1999969482422,116.12999725341795,118.69000244140624,118.69000244140624,114457900,114.67066701253255,116.08894943237304,91.58154972076416,-1.4182824198404944,-0.6362256876627541,-3.9102836608887017,4.901479942321777
2020-11-09,120.5,121.98999786376952,116.0500030517578,116.31999969482422,116.31999969482422,154515300,114.69333343505859,115.9191993713379,91.7769622039795,-1.2258659362793054,-0.7681624552408792,-2.288517405192131,4.8284474334716805
2020-11-10,115.5500030517578,117.58999633789062,114.12999725341795,115.97000122070312,115.97000122070312,138023400,114.59066670735677,115.6577995300293,91.95969970703125,-1.0671328226725194,-0.9031742095947195,-0.8197930653889995,4.739619964599609
2020-11-11,117.19000244140624,119.62999725341795,116.44000244140624,119.48999786376952,119.48999786376952,112295000,114.7653330485026,115.36399963378906,92.15172470092773,-0.5986665852864661,-0.9741976470947193,1.8776553090412662,4.642454986572267
2020-11-12,119.62000274658205,120.52999877929688,118.56999969482422,119.20999908447266,119.20999908447266,103162300,114.99599965413411,115.12019973754883,92.34293720245361,-0.12420008341472055,-1.0008827514648373,4.383413340250584,4.5554525070190435
2020-11-13,119.44000244140624,119.66999816894531,117.87000274658205,119.26000213623048,119.26000213623048,81581900,115.27733306884765,115.08779983520508,92.55234970092773,0.18953323364257812,-0.9609578552246034,5.752455444335908,4.507090026855468
2020-11-16,118.91999816894531,120.98999786376952,118.1500015258789,120.3000030517578,120.3000030517578,91183000,115.62733306884766,115.07459991455079,92.76802471160889,0.5527331542968739,-0.811712946573887,6.822230504353804,4.461315040588381
2020-11-17,119.5500030517578,120.66999816894531,118.95999908447266,119.38999938964844,119.38999938964844,74271000,115.8133331298828,115.20599990844727,92.96641220092773,0.6073332214355389,-0.6167763824462839,6.120548019409114,4.447917541503907
2020-11-18,118.61000061035156,119.81999969482422,118.0,118.02999877929688,118.02999877929688,76322100,116.26866658528645,115.22019989013671,93.15474967956543,1.0484666951497417,-0.35587643432616717,7.021715647379544,4.413090042114257
2020-11-19,117.58999633789062,119.05999755859376,116.80999755859376,118.63999938964844,118.63999938964844,74113000,116.48999989827475,115.3231999206543,93.34143718719483,1.1667999776204425,-0.08692815653482597,6.2686406707763425,4.396352546691896
2020-11-20,118.63999938964844,118.7699966430664,117.29000091552734,117.33999633789062,117.33999633789062,73604300,117.05533294677734,115.4299998474121,93.52809967041016,1.6253330993652355,0.21743339538574702,7.0394985198974425,4.38038003540039
2020-11-23,117.18000030517578,117.62000274658205,113.75,113.8499984741211,113.8499984741211,127959300,117.39399973551433,115.3997998046875,93.69541217803955,1.9941999308268237,0.5394399820963599,7.273799743652319,4.340877525329591
2020-11-24,113.91000366210938,115.8499984741211,112.58999633789062,115.16999816894531,115.16999816894531,113874200,117.70933278401692,115.39239974975585,93.87174968719482,2.3169330342610692,0.8778465677897188,7.195432332356752,4.304130012512206
2020-11-25,115.5500030517578,116.75,115.16999816894531,116.02999877929688,116.02999877929688,76499200,117.78133290608724,115.47039978027344,94.04289966583252,2.310933125813804,1.1688065388997457,5.710632934570292,4.285500022888184
2020-11-27,116.56999969482422,117.48999786376952,116.22000122070312,116.58999633789062,116.58999633789062,46691300,117.61866607666016,115.59539978027344,94.21976215362548,2.0232662963867227,1.38355317687989,3.198565597534163,4.275127525329592
2020-11-30,116.97000122070312,120.97000122070312,116.80999755859376,119.0500030517578,119.0500030517578,169410200,117.64266611735026,115.83959991455077,94.40882465362549,1.803066202799485,1.5449064737955809,1.2907986450195208,4.286155052185058
2020-12-01,121.01000213623048,123.47000122070312,120.01000213623048,122.72000122070312,122.72000122070312,128166800,118.06933288574218,116.09239990234374,94.623674659729,1.9769329833984415,1.6873264567057376,1.4480326334635196,4.293745048522948
2020-12-02,122.0199966430664,123.37000274658205,120.88999938964844,123.08000183105469,123.08000183105469,89004200,118.54333292643229,116.31779998779297,94.8345496749878,2.2255329386393186,1.8491464284261157,1.8819325510660145,4.296650062561034
2020-12-03,123.5199966430664,123.77999877929688,122.20999908447266,122.94000244140624,122.94000244140624,78967600,118.77333323160808,116.63419998168945,95.04887470245362,2.139133249918629,1.9582130839030043,0.9046008300781239,4.317065055847166
2020-12-04,122.5999984741211,122.86000061035156,121.5199966430664,122.25,122.25,78260400,118.9759999593099,116.91479995727539,95.26881221771241,2.0612000020345107,2.047653086344411,0.0677345784504979,4.329197547912597
2020-12-07,122.30999755859376,124.56999969482422,122.25,123.75,123.75,86712000,119.27533315022787,117.14419998168945,95.51483722686767,2.131133168538412,2.0982330932617286,0.1645003763834163,4.325872550964357
2020-12-08,124.37000274658205,124.9800033569336,123.08999633789062,124.37999725341795,124.37999725341795,82225500,119.54733276367188,117.33259994506835,95.77663722991943,2.2147328186035224,2.1202863820393985,0.47223218282061996,4.311192543029785
2020-12-09,124.52999877929688,125.9499969482422,121.0,121.77999877929688,121.77999877929688,115089200,119.7066660563151,117.48639999389648,96.01972473144531,2.2202660624186166,2.1106196848551533,0.5482318878173165,4.293335052490235
2020-12-10,120.5,123.87000274658205,120.1500015258789,123.23999786376952,123.23999786376952,81312200,120.05399932861329,117.635,96.29402473449707,2.418999328613282,2.121426305135101,1.487865117390903,4.2681950531005866
2020-12-11,122.43000030517578,122.76000213623048,120.5500030517578,122.41000366210938,122.41000366210938,86939800,120.30533294677734,117.74740005493165,96.56437477111817,2.557932891845695,2.1748929646809985,1.9151996358234835,4.236605056762696
2020-12-14,122.5999984741211,123.3499984741211,121.54000091552734,121.77999877929688,121.77999877929688,79184500,120.60133310953776,117.92260009765624,96.7997622680664,2.678733011881519,2.262459645589202,2.0813668314615863,4.224567565917968
2020-12-15,124.33999633789062,127.9000015258789,124.12999725341795,127.87999725341795,127.87999725341795,157572300,121.53666636149089,118.1502000427246,97.07751224517823,3.3864663187662813,2.403412979125986,4.915266698201477,4.214537559509276
2020-12-16,127.41000366210938,128.3699951171875,126.55999755859376,127.80999755859376,127.80999755859376,98208600,122.37933298746745,118.4431999206543,97.33813724517822,3.936133066813156,2.5744729919433693,6.808300374348932,4.221012535095215
2020-12-17,128.89999389648438,129.58000183105472,128.03999328613278,128.69999694824222,128.69999694824222,94359800,123.2239995320638,118.71559982299804,97.61548721313477,4.508399709065756,2.811399637858082,8.48500035603837,4.220022521972655
2020-12-18,128.96000671386722,129.10000610351562,126.12000274658205,126.66000366210938,126.66000366210938,192541500,123.89533335367838,118.94939987182617,97.8874997329712,4.945933481852208,3.099872985839852,9.23030248006178,4.212380027770997
2020-12-21,125.0199966430664,128.30999755859378,123.4499969482422,128.22999572753906,128.22999572753906,121251600,124.50733286539713,119.1745997619629,98.19593719482423,5.3327331034342365,3.4200329793294344,9.56350062052401,4.195732513427735
2020-12-22,131.61000061035156,134.41000366210938,129.64999389648438,131.8800048828125,131.8800048828125,168904800,125.11799977620443,119.32419982910156,98.49866222381591,5.793799947102869,3.777939692179369,10.0793012746175,4.16510752105713
